482,590,9.401869437,6,3,2,7,36,7,Microsoft
481,573,9.722969358,7,2,2,7,39,8,Microsoft
485,565,9.463315816,6,2,2,5,35,7,Microsoft
472,560,9.568804107,6,3,3,7,34,8,Microsoft
492,563,9.064198682,6,2,3,5,31,7,Microsoft
494,568,9.059680643,6,3,2,5,40,7,Microsoft
478,564,9.134395338,7,3,3,6,34,8,Microsoft
491,550,9.576270144,6,2,2,5,38,8,Microsoft
486,573,9.436413374,6,2,2,6,31,7,Microsoft
484,589,9.016958916,7,3,3,6,37,8,Microsoft
486,563,9.896355843,6,2,3,7,30,7,Microsoft
499,576,9.006864245,7,2,3,7,39,7,Microsoft
470,566,8.993075547,7,2,3,5,33,8,Microsoft
477,572,9.340275286,7,3,2,5,35,7,Microsoft
490,580,9.967210441,6,3,2,7,39,8,Microsoft
471,569,9.192326475,7,3,3,5,39,7,Microsoft
484,578,9.543468748,6,2,2,7,34,8,Microsoft
476,591,9.133513952,6,2,3,7,37,7,Microsoft
497,575,9.168295193,7,3,2,6,35,8,Microsoft
482,562,9.920239163,6,2,3,7,32,8,Microsoft
492,569,9.738489453,7,3,2,7,40,7,Microsoft
491,589,9.405985098,6,3,2,5,32,7,Microsoft
480,569,9.874993001,7,2,3,6,34,8,Microsoft
478,564,9.150164162,6,2,2,5,34,8,Microsoft
482,559,9.579264684,7,3,3,5,39,8,Microsoft
472,570,9.959503538,7,3,2,6,33,7,Microsoft
476,591,9.448451588,6,3,2,5,31,7,Microsoft
491,557,9.466768407,7,2,2,7,31,8,Microsoft
484,599,9.330565307,7,2,2,7,34,7,Microsoft
474,581,9.783097988,6,3,2,5,33,8,Microsoft
473,561,9.50448962,7,3,2,6,30,7,Microsoft
499,595,9.090660356,6,2,3,6,38,8,Microsoft
482,551,9.337717045,6,3,3,7,40,8,Microsoft
475,579,9.367766468,7,2,3,7,36,7,Microsoft
479,577,9.958118396,6,3,2,6,31,8,Microsoft
470,591,9.927290235,6,2,3,6,40,8,Microsoft
483,581,9.949194089,6,3,2,7,40,8,Microsoft
495,598,9.694299692,6,2,3,5,31,7,Microsoft
478,563,9.310914644,6,2,2,7,40,7,Microsoft
479,596,9.337019106,7,3,2,7,33,8,Microsoft
481,586,9.517795436,6,2,3,6,30,8,Microsoft
498,575,9.529345583,7,3,2,7,31,7,Microsoft
493,570,9.52522256,6,3,3,7,33,7,Microsoft
470,598,9.542777845,6,2,2,5,34,7,Microsoft
480,557,9.559033008,6,2,2,7,38,7,Microsoft
478,554,8.986711462,6,3,3,7,37,7,Microsoft
480,553,9.987419938,6,3,3,5,38,8,Microsoft
481,598,9.593738339,6,3,3,5,30,8,Microsoft
499,568,9.382966263,6,2,3,6,30,8,Microsoft
485,576,8.9584814,7,3,3,6,33,7,Microsoft
480,557,9.494859576,6,2,2,5,38,8,Microsoft
482,565,9.896812898,6,2,2,6,31,7,Microsoft
499,567,9.124820778,6,3,2,5,33,7,Microsoft
472,569,9.24423303,6,3,3,5,32,7,Microsoft
499,558,9.864454749,6,3,3,5,33,8,Microsoft
480,554,9.767400027,6,3,2,7,33,8,Microsoft
472,589,9.94696543,7,2,3,7,33,7,Microsoft
478,595,9.508740871,6,2,3,6,39,8,Microsoft
480,591,9.954489536,7,3,3,5,40,8,Microsoft
497,566,9.849048038,6,3,3,6,31,8,Microsoft
471,578,9.21565224,6,2,3,6,35,8,Microsoft
485,555,9.569479032,7,3,3,6,31,8,Microsoft
488,567,9.267902891,7,3,2,7,36,8,Microsoft
480,552,9.951579153,7,2,3,7,33,8,Microsoft
499,597,9.023739272,6,2,2,7,32,7,Microsoft
486,589,9.026970221,6,3,2,7,40,7,Microsoft
494,596,9.959330801,7,2,3,7,38,8,Microsoft
473,562,8.936918432,7,3,2,6,38,7,Microsoft
472,564,9.184199167,7,3,3,6,34,8,Microsoft
499,553,9.709593336,6,3,2,5,33,8,Microsoft
479,590,9.432664256,7,2,2,6,40,7,Microsoft
475,590,9.265740314,7,3,2,5,38,8,Microsoft
497,550,9.644141341,6,2,3,7,37,7,Microsoft
478,582,9.107193095,6,3,3,5,35,8,Microsoft
476,588,9.353617285,6,3,2,7,37,7,Microsoft
493,599,9.233203294,7,2,3,5,38,7,Microsoft
483,597,9.76110495,7,2,3,7,39,7,Microsoft
499,582,9.924315819,7,3,3,5,39,7,Microsoft
479,585,9.205835772,7,2,2,7,39,8,Microsoft
498,592,8.918086054,7,3,2,7,34,7,Microsoft
482,599,9.379632593,7,2,3,6,31,8,Microsoft
476,599,8.975225716,7,3,2,5,39,7,Microsoft
490,599,9.778526517,6,2,2,7,34,7,Microsoft
489,581,9.525341278,6,3,3,6,39,7,Microsoft
478,580,9.12048333,7,2,3,5,33,7,Microsoft
473,578,9.820276516,7,3,3,5,38,8,Microsoft
488,586,9.565144377,7,2,2,7,34,8,Microsoft
478,553,9.576538792,7,3,2,5,33,7,Microsoft
485,596,9.907129959,6,2,3,5,33,7,Microsoft
476,594,9.182184992,6,3,3,7,36,7,Microsoft
492,551,9.720659043,6,3,2,7,32,7,Microsoft
477,575,9.47562948,6,3,3,6,36,7,Microsoft
473,567,9.70451437,7,2,2,6,33,8,Microsoft
487,554,9.983387513,7,2,2,7,38,8,Microsoft
471,563,9.239546838,7,2,3,7,33,8,Microsoft
484,596,9.063325485,6,3,3,6,40,7,Microsoft
492,575,9.280090913,6,2,2,6,34,7,Microsoft
492,581,9.726390339,6,3,2,6,35,8,Microsoft
494,564,9.038952868,6,2,2,6,34,8,Microsoft
484,566,9.655930913,7,3,2,5,38,7,Microsoft
488,569,9.629694605,6,3,3,7,39,7,Microsoft
471,568,9.78051154,6,3,3,6,39,8,Microsoft
483,558,9.567591491,6,2,2,5,35,8,Microsoft
487,575,9.51131412,6,2,2,7,39,7,Microsoft
484,590,9.797592926,7,3,3,7,30,7,Microsoft
490,558,9.829983249,7,3,2,5,37,8,Microsoft
481,585,9.568109403,6,2,2,6,35,8,Microsoft
495,551,9.133863929,7,3,2,7,38,8,Microsoft
482,566,9.396241615,6,3,3,7,33,8,Microsoft
496,554,9.751929081,7,2,3,5,30,7,Microsoft
475,581,9.952756863,6,2,2,7,39,8,Microsoft
474,573,9.970188003,7,3,2,6,34,7,Microsoft
473,569,9.205563503,7,3,2,7,37,7,Microsoft
473,578,9.970727643,7,2,2,5,33,7,Microsoft
490,586,9.88835261,7,2,2,7,34,7,Microsoft
489,591,9.026747638,7,3,2,5,36,7,Microsoft
478,582,9.174745555,6,3,2,5,35,7,Microsoft
492,580,9.198829996,6,3,2,7,36,8,Microsoft
480,599,9.676594441,7,2,2,7,34,7,Microsoft
478,593,9.438880754,6,2,3,7,39,7,Microsoft
484,575,9.951151471,6,3,2,7,35,7,Microsoft
473,589,9.523665819,6,2,2,6,34,8,Microsoft
481,577,9.412581204,6,2,3,5,34,8,Microsoft
497,577,9.909513183,7,3,2,6,35,8,Microsoft
494,598,9.613886225,7,2,3,6,34,7,Microsoft
477,574,8.916621373,6,3,3,5,31,7,Microsoft
497,572,9.421247525,7,3,3,7,37,7,Microsoft
496,567,9.745487489,6,3,3,5,36,8,Microsoft
473,574,9.332709415,6,2,3,7,30,8,Microsoft
498,599,9.218741586,6,3,3,7,33,8,Microsoft
487,598,9.102344154,6,3,2,6,36,7,Microsoft
481,569,9.30544538,6,2,2,6,35,7,Microsoft
486,593,9.852403748,7,2,3,5,40,7,Microsoft
484,558,8.972650032,7,2,3,6,36,7,Microsoft
488,583,9.508092054,7,2,3,7,39,8,Microsoft
498,578,9.86753334,7,3,3,7,35,7,Microsoft
472,598,9.192701346,6,2,2,5,32,7,Microsoft
483,558,8.993209192,7,3,2,7,40,7,Microsoft
477,582,9.743739778,6,2,2,6,36,8,Microsoft
481,594,9.666988278,6,2,3,5,40,7,Microsoft
473,598,9.951285607,7,2,2,6,35,8,Microsoft
484,586,9.223554409,6,3,2,6,33,8,Microsoft
477,572,9.485905496,6,3,2,6,34,7,Microsoft
473,558,8.96971265,6,3,3,7,33,7,Microsoft
487,598,9.332702605,6,3,3,6,32,7,Microsoft
471,578,9.389796236,7,3,2,5,31,8,Microsoft
496,578,9.519406709,7,3,3,5,33,8,Microsoft
481,552,9.936676697,7,3,3,5,31,8,Microsoft
482,568,9.948689488,7,3,3,7,36,8,Microsoft
474,550,9.822018376,7,2,3,6,31,7,Microsoft
474,595,9.041898158,7,2,3,7,33,8,Microsoft
482,599,8.9061888,6,2,3,7,32,8,Microsoft
498,577,9.779490504,7,3,2,5,39,8,Microsoft
492,598,9.752073912,6,2,3,7,39,7,Microsoft
493,577,9.408531897,7,3,2,7,38,7,Microsoft
484,557,9.710992976,7,2,3,5,35,7,Microsoft
479,599,9.681142708,6,2,3,5,33,7,Microsoft
472,583,9.278083748,6,2,2,6,36,7,Microsoft
491,583,9.262913499,7,3,2,7,37,8,Microsoft
498,556,8.977411194,6,2,2,7,32,7,Microsoft
493,597,9.777270987,6,3,2,7,34,8,Microsoft
496,573,9.722994433,6,3,2,6,37,8,Microsoft
493,596,9.431166331,7,3,2,6,33,8,Microsoft
495,571,9.202796362,7,2,3,6,39,8,Microsoft
472,595,9.638162286,6,3,3,5,30,8,Microsoft
476,590,9.728440448,7,2,2,7,31,7,Microsoft
489,595,9.388890078,7,3,3,7,35,7,Microsoft
470,598,9.509720072,6,3,3,5,30,7,Microsoft
476,563,9.411661746,6,2,3,7,32,7,Microsoft
481,598,9.662342619,7,3,2,6,35,8,Microsoft
492,597,9.681707939,7,2,3,7,40,8,Microsoft
478,584,9.616700092,6,2,3,5,33,7,Microsoft
493,551,9.844178604,6,2,2,7,34,8,Microsoft
489,561,9.792486404,7,3,3,6,30,8,Microsoft
477,568,9.88560903,7,3,3,7,37,8,Microsoft
488,550,8.988063403,6,3,3,5,33,8,Microsoft
493,571,9.226985826,6,2,2,7,40,7,Microsoft
476,598,9.093567744,7,3,3,5,39,8,Microsoft
493,572,9.461668622,6,3,3,7,37,8,Microsoft
471,566,9.246089576,7,2,2,6,35,7,Microsoft
483,550,9.309549169,7,2,2,6,34,7,Microsoft
491,598,9.333624695,6,2,3,7,40,8,Microsoft
484,557,9.251982994,6,2,3,7,40,8,Microsoft
480,579,9.730460632,7,3,3,6,38,7,Microsoft
493,581,9.209875404,6,2,2,6,31,8,Microsoft
485,593,9.290174882,7,3,2,7,33,8,Microsoft
497,563,9.153563622,7,2,2,7,30,8,Microsoft
489,597,9.014838663,7,2,3,5,36,7,Microsoft
493,595,9.211281697,6,3,3,6,37,7,Microsoft
477,592,9.593223252,6,3,3,5,38,7,Microsoft
481,588,9.612161876,6,2,3,7,35,7,Microsoft
476,573,9.546644555,6,3,3,6,30,7,Microsoft
495,562,9.006607287,6,3,2,5,32,8,Microsoft
473,566,9.19770083,6,2,3,6,38,8,Microsoft
475,566,9.724385078,7,2,3,7,35,7,Microsoft
480,554,9.296882257,7,3,3,7,40,8,Microsoft
499,567,9.709609466,7,3,3,6,38,8,Microsoft
498,571,9.250509322,7,2,3,6,39,7,Microsoft
484,597,9.180120351,7,3,2,6,40,8,Microsoft
481,579,9.051484786,6,3,3,6,37,8,Microsoft
449,568,9.103587297,5,2,2,6,29,10,Morgan Stanley
443,547,8.83697116,5,2,1,6,25,5,Morgan Stanley
444,536,9.039991395,6,1,2,5,30,4,Morgan Stanley
456,559,9.066645945,5,2,1,6,30,3,Morgan Stanley
452,545,9.294780628,6,1,1,4,25,2,Morgan Stanley
441,569,8.90597066,6,2,1,4,27,5,Morgan Stanley
455,568,8.553177774,6,2,1,5,27,4,Morgan Stanley
454,533,8.537719353,5,2,2,4,25,6,Morgan Stanley
452,548,9.037359719,5,2,2,6,27,3,Morgan Stanley
445,537,8.758751979,5,2,2,5,27,2,Morgan Stanley
442,526,8.572901311,5,2,2,4,25,3,Morgan Stanley
444,532,8.582628259,5,2,1,6,29,8,Morgan Stanley
457,531,8.543504791,5,1,1,5,26,6,Morgan Stanley
446,534,9.052219175,6,2,1,6,27,8,Morgan Stanley
442,555,8.905005714,5,1,2,4,27,5,Morgan Stanley
459,557,9.233718048,6,1,1,5,31,10,Morgan Stanley
454,558,9.086454644,6,1,2,6,27,6,Morgan Stanley
446,551,8.581399698,6,2,1,4,31,8,Morgan Stanley
443,525,9.120081548,5,1,1,4,29,8,Morgan Stanley
441,566,8.596265856,5,2,1,6,25,3,Morgan Stanley
457,560,9.046736711,6,2,2,4,30,6,Morgan Stanley
444,528,9.126278581,6,2,2,6,25,7,Morgan Stanley
442,566,8.533354781,5,2,1,6,27,9,Morgan Stanley
441,542,8.828522793,6,2,2,4,26,6,Morgan Stanley
452,555,9.244309291,5,2,2,5,29,9,Morgan Stanley
455,542,8.770505932,6,1,2,5,30,3,Morgan Stanley
451,555,9.04497278,5,1,2,5,31,7,Morgan Stanley
459,541,8.655081225,5,1,1,6,26,10,Morgan Stanley
453,554,8.700904119,6,1,1,5,26,8,Morgan Stanley
455,545,9.222286752,5,2,2,4,31,4,Morgan Stanley
449,540,9.190303246,6,1,1,5,26,8,Morgan Stanley
457,528,8.666436415,5,2,2,6,30,4,Morgan Stanley
441,563,8.984204322,5,1,2,4,29,6,Morgan Stanley
454,567,9.257409168,5,2,1,6,27,7,Morgan Stanley
445,569,8.615590781,6,2,1,5,26,7,Morgan Stanley
457,525,8.574301967,6,2,1,6,27,7,Morgan Stanley
449,530,8.620522597,6,2,1,6,31,3,Morgan Stanley
454,526,8.688823564,5,1,1,5,27,6,Morgan Stanley
445,554,8.513237772,5,2,1,6,31,9,Morgan Stanley
454,537,8.561537952,5,2,1,5,25,4,Morgan Stanley
454,560,8.880395842,5,2,1,6,31,9,Morgan Stanley
445,530,8.648970693,5,2,1,4,28,4,Morgan Stanley
451,560,8.504866808,5,2,1,5,31,5,Morgan Stanley
458,552,8.53718832,6,2,1,6,25,2,Morgan Stanley
451,567,9.111449579,5,2,1,4,25,8,Morgan Stanley
444,568,9.031442495,6,1,1,5,28,3,Morgan Stanley
444,531,8.691349592,5,1,2,5,29,3,Morgan Stanley
446,564,9.00224011,5,2,2,4,31,7,Morgan Stanley
446,542,8.699768489,6,1,2,6,27,5,Morgan Stanley
457,527,8.981238923,6,1,2,6,28,10,Morgan Stanley
451,552,8.935938115,6,2,2,6,26,6,Morgan Stanley
447,562,8.616307244,6,2,2,6,30,8,Morgan Stanley
457,562,8.866670873,6,2,2,6,25,7,Morgan Stanley
445,529,9.074415423,5,2,1,4,29,6,Morgan Stanley
446,535,9.270464713,5,2,2,5,27,6,Morgan Stanley
449,527,8.966625655,6,2,2,6,26,2,Morgan Stanley
451,537,8.822452299,5,1,2,4,27,6,Morgan Stanley
452,538,8.940753512,6,2,1,6,25,2,Morgan Stanley
441,552,8.533407165,5,2,1,6,29,10,Morgan Stanley
459,556,8.855678731,5,1,1,5,31,3,Morgan Stanley
458,535,9.243198664,6,2,1,5,28,8,Morgan Stanley
451,568,8.693647071,6,1,1,4,28,7,Morgan Stanley
450,567,8.816742026,6,1,1,6,27,10,Morgan Stanley
445,535,9.126732662,6,1,2,5,26,3,Morgan Stanley
455,528,9.012763893,5,1,2,4,28,3,Morgan Stanley
441,542,8.685659896,5,1,1,6,27,6,Morgan Stanley
450,530,9.130009955,5,1,2,6,31,4,Morgan Stanley
448,541,9.142050368,5,2,1,5,26,2,Morgan Stanley
448,549,8.848373796,6,1,1,4,26,3,Morgan Stanley
458,564,9.060933589,6,2,1,6,29,3,Morgan Stanley
445,541,8.979038595,6,1,2,6,28,9,Morgan Stanley
442,530,8.73937084,6,2,1,5,29,10,Morgan Stanley
443,564,8.98781447,6,1,1,5,27,3,Morgan Stanley
444,562,9.216698102,5,2,1,5,30,9,Morgan Stanley
459,528,8.849729859,5,2,1,5,25,3,Morgan Stanley
443,550,9.091666155,5,2,2,5,25,8,Morgan Stanley
452,566,8.77013145,5,2,1,5,25,7,Morgan Stanley
442,553,9.216069965,5,1,2,6,28,6,Morgan Stanley
446,563,8.902154107,6,1,1,5,28,4,Morgan Stanley
459,541,8.711765009,6,2,2,4,28,8,Morgan Stanley
447,546,8.664869787,6,1,1,5,29,2,Morgan Stanley
441,531,9.075331239,6,2,2,6,29,5,Morgan Stanley
441,563,8.645608958,6,1,2,5,28,4,Morgan Stanley
445,561,8.76371879,5,2,1,4,28,8,Morgan Stanley
458,558,9.218047635,6,2,2,5,26,2,Morgan Stanley
442,561,8.525689043,5,2,2,6,27,8,Morgan Stanley
442,542,8.697336675,5,1,2,6,28,2,Morgan Stanley
446,553,8.51544758,5,1,1,6,27,4,Morgan Stanley
458,540,9.101687063,5,1,2,4,31,4,Morgan Stanley
452,569,9.018784528,5,2,2,5,27,10,Morgan Stanley
454,567,8.867442366,5,1,1,4,25,4,Morgan Stanley
448,555,8.673515213,6,1,1,6,25,7,Morgan Stanley
447,549,9.273372028,6,1,1,4,28,7,Morgan Stanley
448,554,8.929819981,5,2,1,4,25,5,Morgan Stanley
445,560,8.986248694,5,2,1,5,31,10,Morgan Stanley
444,552,8.547638421,6,2,1,4,29,6,Morgan Stanley
459,553,8.72380792,6,1,2,5,27,9,Morgan Stanley
447,555,9.181581146,5,2,1,6,29,7,Morgan Stanley
441,568,9.030630825,5,2,2,6,25,5,Morgan Stanley
443,567,9.292121466,5,2,1,5,26,2,Morgan Stanley
446,529,8.859830735,6,2,1,4,28,5,Morgan Stanley
447,545,9.203264091,5,2,1,5,31,4,Morgan Stanley
448,545,9.183455102,5,2,2,5,28,2,Morgan Stanley
453,563,8.878547915,5,2,2,6,28,4,Morgan Stanley
459,556,8.679069445,5,2,2,4,30,3,Morgan Stanley
453,527,8.787189787,5,1,2,6,30,9,Morgan Stanley
443,552,8.781124788,5,1,1,5,29,5,Morgan Stanley
440,560,8.55882482,6,2,1,4,27,10,Morgan Stanley
454,549,9.009671086,6,1,2,6,26,3,Morgan Stanley
448,538,8.630880258,6,2,1,4,27,8,Morgan Stanley
452,530,8.683757011,6,2,1,5,27,2,Morgan Stanley
459,537,8.684465714,5,2,1,6,30,6,Morgan Stanley
451,533,9.156754327,6,1,2,4,28,7,Morgan Stanley
443,539,9.140952132,6,1,2,4,28,7,Morgan Stanley
448,554,8.786874036,6,2,2,6,28,9,Morgan Stanley
447,563,8.58898668,5,1,1,6,29,3,Morgan Stanley
456,555,9.270829323,5,1,2,5,27,7,Morgan Stanley
456,557,8.92182736,5,2,2,5,31,10,Morgan Stanley
446,530,8.755241291,5,1,2,5,29,5,Morgan Stanley
452,564,8.838538103,6,1,1,5,26,5,Morgan Stanley
449,531,9.123653681,6,2,1,6,28,2,Morgan Stanley
456,536,9.084198132,5,1,2,6,25,3,Morgan Stanley
449,538,9.29719217,6,1,2,5,25,2,Morgan Stanley
459,548,8.680482743,6,2,1,4,27,10,Morgan Stanley
449,552,8.704909039,5,1,1,5,25,2,Morgan Stanley
457,566,8.632389648,6,2,2,4,27,10,Morgan Stanley
448,526,8.963206777,6,2,2,4,31,7,Morgan Stanley
443,552,8.977378059,5,2,2,5,29,9,Morgan Stanley
450,567,8.670307857,6,1,2,4,29,2,Morgan Stanley
451,539,8.8927783,5,2,1,5,25,9,Morgan Stanley
446,528,8.531806922,5,2,2,5,27,3,Morgan Stanley
455,569,9.064985997,6,1,2,5,25,10,Morgan Stanley
459,564,8.597046656,5,2,2,5,31,3,Morgan Stanley
449,535,9.298545768,5,2,1,5,30,7,Morgan Stanley
459,537,8.670762188,5,2,2,4,28,6,Morgan Stanley
451,526,8.630895503,6,2,1,5,31,5,Morgan Stanley
450,546,8.942104862,5,2,1,4,25,9,Morgan Stanley
454,568,8.650471029,6,2,2,6,25,8,Morgan Stanley
454,531,9.286908676,6,2,1,6,25,4,Morgan Stanley
454,555,8.59617626,5,1,1,6,29,2,Morgan Stanley
448,526,9.255759345,5,1,1,4,26,5,Morgan Stanley
457,526,8.55630448,6,2,1,5,27,4,Morgan Stanley
441,554,8.637224083,6,2,1,5,30,8,Morgan Stanley
445,537,8.8999901,5,1,1,5,28,5,Morgan Stanley
455,566,9.196592294,5,2,1,4,29,3,Morgan Stanley
441,569,9.181498644,5,1,1,6,26,6,Morgan Stanley
459,544,9.23578913,6,2,1,5,29,8,Morgan Stanley
451,547,8.539892163,5,1,1,6,25,5,Morgan Stanley
440,526,8.547451511,5,1,2,6,26,8,Morgan Stanley
449,551,8.684768472,6,1,2,4,27,5,Morgan Stanley
457,541,9.007680557,5,1,1,6,27,3,Morgan Stanley
440,569,9.274612273,5,2,2,5,29,10,Morgan Stanley
457,561,8.719696617,6,2,2,4,28,8,Morgan Stanley
448,541,9.005011212,6,1,2,6,26,3,Morgan Stanley
452,536,8.593141066,6,1,1,4,28,6,Morgan Stanley
446,568,8.6808243,6,1,1,4,26,2,Morgan Stanley
456,539,9.072869582,5,2,1,4,29,2,Morgan Stanley
458,526,8.521214739,5,1,2,6,27,3,Morgan Stanley
452,525,8.911963312,5,1,1,4,29,4,Morgan Stanley
441,528,8.574925433,6,1,2,6,27,3,Morgan Stanley
446,539,9.12968353,6,1,1,4,26,5,Morgan Stanley
451,547,9.043002681,5,1,2,4,25,3,Morgan Stanley
452,534,8.822481414,5,1,1,4,26,4,Morgan Stanley
445,560,8.783107619,6,1,2,4,29,5,Morgan Stanley
459,542,8.816260502,5,2,2,6,30,2,Morgan Stanley
457,549,9.215928659,6,1,2,4,27,5,Morgan Stanley
448,530,8.850868004,5,2,2,5,29,9,Morgan Stanley
446,540,9.048173468,6,2,1,5,29,7,Morgan Stanley
459,552,8.94207162,6,2,1,4,30,2,Morgan Stanley
440,552,8.868257785,6,1,1,6,28,8,Morgan Stanley
443,559,9.089558172,5,2,2,5,30,7,Morgan Stanley
447,565,9.094838339,5,2,1,4,30,5,Morgan Stanley
453,539,8.938895077,5,1,1,5,27,6,Morgan Stanley
446,543,9.285174195,6,1,1,4,27,3,Morgan Stanley
442,534,9.035478198,6,1,1,5,28,5,Morgan Stanley
454,563,9.047998594,5,1,1,5,25,5,Morgan Stanley
456,550,9.272034412,5,1,2,4,28,9,Morgan Stanley
441,551,9.150624323,5,1,1,6,30,6,Morgan Stanley
448,556,9.069672334,6,1,1,4,25,8,Morgan Stanley
452,564,9.051774976,5,2,1,6,29,6,Morgan Stanley
446,545,8.844450101,6,1,2,5,26,6,Morgan Stanley
445,533,8.729846069,5,2,1,4,27,5,Morgan Stanley
447,568,8.898075522,6,2,1,4,27,6,Morgan Stanley
440,550,8.785577274,6,1,1,5,31,6,Morgan Stanley
458,567,8.819107387,5,1,1,4,25,5,Morgan Stanley
458,543,8.645177443,6,1,1,4,28,5,Morgan Stanley
454,558,8.502411612,6,1,2,5,27,3,Morgan Stanley
446,546,8.973273307,5,2,2,6,31,7,Morgan Stanley
450,528,9.244691342,6,2,1,4,31,9,Morgan Stanley
444,569,8.715916677,6,1,1,6,25,9,Morgan Stanley
459,550,8.717957404,6,2,2,4,28,4,Morgan Stanley
458,555,8.621772898,5,1,2,6,28,4,Morgan Stanley
449,537,9.136817542,5,1,1,4,26,6,Morgan Stanley
458,536,8.953992585,5,2,1,5,31,7,Morgan Stanley
444,548,9.059801613,5,2,1,5,30,2,Morgan Stanley
447,531,8.771855816,6,2,2,5,29,8,Morgan Stanley
444,535,8.927750542,5,2,1,6,27,3,Morgan Stanley
452,565,9.201010695,6,2,1,6,29,5,Morgan Stanley
456,531,9.047621196,5,1,1,5,28,9,Morgan Stanley
443,533,8.513933958,5,2,1,6,27,5,Morgan Stanley
428,519,8.512654535,5,1,1,2,21,2,Adobe
423,517,8.306149192,5,0,2,2,30,3,Adobe
411,519,8.40540559,4,1,1,2,23,2,Adobe
408,511,8.104671282,5,1,1,1,27,2,Adobe
421,525,8.238052286,5,1,2,1,31,3,Adobe
419,521,8.17431101,5,1,2,2,28,2,Adobe
413,516,8.299261955,5,1,1,1,21,4,Adobe
408,514,8.133478447,4,0,1,1,24,3,Adobe
420,508,8.130245453,5,1,2,2,31,3,Adobe
420,515,8.732991015,5,0,1,2,24,2,Adobe
422,516,8.335833941,4,1,2,1,31,3,Adobe
417,513,8.311422536,5,1,1,1,27,4,Adobe
400,517,8.243176877,4,0,2,1,31,2,Adobe
403,507,8.404097854,5,1,2,1,27,2,Adobe
414,510,8.420521442,5,1,2,1,20,2,Adobe
408,518,8.589545076,5,1,1,2,27,4,Adobe
408,524,8.513398474,5,0,2,2,25,4,Adobe
409,521,8.321328693,5,1,2,2,23,4,Adobe
416,508,8.280703976,5,1,1,1,27,4,Adobe
406,519,8.355398372,4,0,2,1,30,4,Adobe
418,524,8.572788184,5,1,1,2,28,2,Adobe
403,507,8.459238016,5,1,2,1,27,4,Adobe
402,524,8.705513582,5,1,1,1,29,3,Adobe
425,506,8.451434739,4,1,1,2,20,3,Adobe
427,519,8.175205156,5,1,1,1,20,2,Adobe
423,507,8.524586183,5,0,1,2,20,3,Adobe
407,516,8.290099099,4,0,1,2,20,3,Adobe
406,511,8.165989218,4,1,1,2,20,2,Adobe
421,514,8.34115741,5,0,1,2,31,3,Adobe
428,512,8.22417567,5,0,2,1,26,3,Adobe
412,511,8.696238044,4,0,2,2,26,4,Adobe
416,520,8.578858982,4,0,2,1,22,4,Adobe
424,510,8.63361948,4,1,2,2,20,4,Adobe
417,507,8.194856058,5,0,1,1,24,2,Adobe
402,510,8.716525281,4,1,1,1,20,2,Adobe
400,522,8.12773682,5,1,1,2,21,3,Adobe
416,507,8.374858533,4,0,1,1,22,3,Adobe
424,525,8.1340159,4,0,2,1,24,4,Adobe
420,519,8.188430449,4,0,2,1,23,2,Adobe
403,509,8.28374742,4,0,2,1,23,2,Adobe
408,508,8.167861961,5,1,1,2,23,3,Adobe
413,519,8.305732502,4,0,2,2,20,4,Adobe
425,513,8.195522565,5,0,1,1,22,3,Adobe
428,514,8.191589217,5,0,1,2,31,3,Adobe
416,505,8.619572219,4,0,1,2,25,3,Adobe
417,515,8.217127246,4,1,1,1,27,2,Adobe
403,519,8.412838299,5,1,2,2,26,3,Adobe
424,510,8.532592023,5,0,2,1,28,3,Adobe
427,520,8.22888571,4,0,2,1,21,2,Adobe
413,515,8.442972092,5,0,2,1,26,4,Adobe
400,519,8.638272322,5,1,1,1,30,4,Adobe
402,506,8.275812419,5,0,1,1,26,2,Adobe
401,515,8.729052233,4,0,2,2,21,3,Adobe
408,513,8.723280641,4,1,2,2,26,2,Adobe
428,517,8.283128312,5,1,1,1,29,3,Adobe
408,512,8.420722691,5,1,1,1,26,3,Adobe
429,522,8.639750259,5,0,1,1,22,2,Adobe
414,520,8.216752854,4,0,2,1,27,2,Adobe
415,522,8.197453286,5,1,2,1,22,4,Adobe
403,524,8.449065815,5,1,1,1,22,3,Adobe
411,516,8.625676768,5,1,1,2,21,3,Adobe
416,511,8.325143403,4,1,1,1,31,4,Adobe
404,523,8.147751758,4,0,2,2,27,4,Adobe
415,518,8.544899999,5,1,2,2,31,2,Adobe
421,518,8.357430632,4,1,2,1,22,2,Adobe
421,514,8.741866277,4,0,2,2,28,2,Adobe
423,520,8.523833718,5,0,1,1,23,3,Adobe
407,524,8.434880018,5,1,1,1,31,3,Adobe
414,505,8.652424286,4,0,1,1,27,4,Adobe
400,512,8.268032987,4,0,1,2,27,3,Adobe
420,515,8.536974361,4,1,2,1,21,3,Adobe
403,521,8.745959332,5,0,2,2,29,3,Adobe
409,506,8.666120778,5,0,1,2,28,2,Adobe
428,509,8.157594432,4,1,2,2,23,4,Adobe
417,507,8.368470947,5,0,2,2,25,3,Adobe
410,506,8.291275213,4,0,1,2,29,4,Adobe
422,513,8.668814337,4,0,1,1,20,4,Adobe
412,518,8.679273809,5,0,2,2,30,3,Adobe
411,508,8.217521812,5,1,2,1,24,2,Adobe
429,513,8.307651567,4,1,1,1,26,4,Adobe
404,519,8.108490143,5,0,2,2,31,4,Adobe
400,508,8.405995733,4,0,1,1,21,3,Adobe
422,508,8.569510043,4,1,1,1,28,3,Adobe
401,514,8.630260292,4,0,2,1,29,4,Adobe
406,509,8.324749189,5,0,1,2,30,4,Adobe
405,505,8.492322808,5,1,2,2,25,3,Adobe
425,516,8.157534971,4,1,1,2,31,3,Adobe
411,515,8.168675609,4,0,1,2,23,3,Adobe
426,521,8.453357525,4,0,1,2,21,3,Adobe
429,508,8.198307086,5,1,1,2,21,4,Adobe
425,517,8.629468251,4,1,2,1,24,3,Adobe
411,523,8.381561203,4,1,1,2,31,4,Adobe
407,510,8.439024341,5,0,1,2,28,4,Adobe
401,511,8.493606072,4,1,1,2,24,2,Adobe
409,518,8.383618321,5,1,1,1,23,4,Adobe
406,508,8.429532756,5,1,1,1,25,2,Adobe
409,518,8.591220042,5,0,1,1,25,4,Adobe
422,518,8.683628098,5,1,1,2,27,2,Adobe
409,524,8.736546665,4,0,2,2,25,2,Adobe
411,511,8.680656292,4,0,2,2,27,3,Adobe
418,510,8.380763589,4,0,2,2,23,2,Adobe
423,510,8.199922556,5,0,1,1,21,3,Adobe
410,513,8.71831058,5,1,1,1,30,4,Adobe
415,510,8.750984626,4,0,1,2,31,2,Adobe
413,519,8.29388705,5,0,1,1,25,3,Adobe
404,505,8.643165598,4,1,2,1,22,4,Adobe
422,516,8.457113772,4,1,1,1,22,3,Adobe
416,516,8.512403322,4,0,2,1,29,4,Adobe
411,514,8.458334294,4,0,2,2,25,3,Adobe
405,516,8.175945635,4,1,2,1,22,4,Adobe
427,516,8.160773956,4,0,1,1,24,2,Adobe
404,515,8.275745176,4,0,1,2,23,3,Adobe
421,520,8.172440685,4,0,1,1,26,4,Adobe
402,515,8.658063874,4,0,2,1,26,3,Adobe
420,519,8.675824724,4,1,1,2,31,2,Adobe
428,505,8.216427108,4,1,1,1,20,3,Adobe
401,505,8.56366022,4,0,1,1,31,3,Adobe
423,518,8.299335467,4,1,1,2,20,3,Adobe
416,505,8.346496659,5,1,1,1,21,2,Adobe
405,519,8.235272647,5,1,1,1,29,3,Adobe
405,514,8.716043636,5,1,1,2,30,4,Adobe
408,515,8.360457975,5,0,1,1,25,2,Adobe
419,522,8.69316584,4,1,1,2,28,2,Adobe
420,521,8.567837878,5,0,1,1,22,3,Adobe
414,523,8.625928457,4,1,1,2,26,2,Adobe
425,525,8.294205014,5,0,2,1,28,3,Adobe
409,510,8.236233511,5,1,2,2,29,3,Adobe
429,511,8.639743689,4,1,1,2,21,4,Adobe
400,523,8.559490172,4,0,1,2,28,2,Adobe
400,523,8.40198684,5,0,1,1,27,4,Adobe
400,519,8.19926523,4,1,2,1,30,3,Adobe
403,518,8.447335122,5,1,2,2,26,3,Adobe
412,517,8.365196934,5,0,1,1,22,4,Adobe
414,517,8.530463853,4,0,1,1,25,3,Adobe
412,516,8.188658802,5,1,1,2,22,3,Adobe
421,520,8.619306265,5,1,2,1,28,2,Adobe
425,522,8.524788947,5,0,1,1,27,4,Adobe
412,515,8.645085045,4,0,1,2,24,3,Adobe
426,523,8.131960149,4,1,1,2,27,3,Adobe
404,509,8.248045947,5,0,2,2,27,4,Adobe
406,519,8.251743337,5,0,1,2,25,4,Adobe
420,507,8.515828131,5,0,2,1,30,3,Adobe
410,515,8.295044807,5,1,1,2,29,2,Adobe
427,510,8.358842341,5,0,1,2,20,2,Adobe
405,505,8.578375054,4,1,1,2,22,2,Adobe
405,517,8.276372583,5,1,2,1,23,3,Adobe
421,524,8.580517855,4,1,2,2,22,4,Adobe
411,505,8.703641902,4,0,2,1,28,3,Adobe
428,512,8.704733104,5,1,1,2,31,4,Adobe
420,510,8.255911386,4,1,2,2,29,3,Adobe
421,525,8.286483221,4,1,2,1,28,2,Adobe
418,525,8.453425105,5,0,2,2,21,2,Adobe
406,511,8.150291655,5,0,2,2,25,3,Adobe
429,523,8.476928649,5,1,1,2,22,3,Adobe
429,514,8.645962257,4,0,1,1,20,3,Adobe
420,521,8.382695281,4,0,1,2,26,3,Adobe
404,515,8.144627539,5,0,2,1,24,4,Adobe
402,518,8.24815136,5,0,1,1,21,2,Adobe
407,525,8.493867678,4,0,2,1,24,3,Adobe
410,520,8.214975604,5,0,2,2,26,3,Adobe
411,525,8.282090178,5,1,2,2,28,4,Adobe
429,524,8.564663815,5,1,2,1,20,4,Adobe
407,513,8.231565621,4,1,2,1,23,2,Adobe
427,508,8.457166737,4,1,2,2,23,3,Adobe
407,522,8.41622491,5,1,1,2,22,2,Adobe
403,514,8.376189316,5,1,2,1,24,3,Adobe
425,517,8.539599742,4,1,2,1,30,3,Adobe
401,513,8.436318027,5,1,2,1,28,3,Adobe
421,518,8.641866193,4,1,1,2,27,4,Adobe
406,510,8.111545941,4,1,2,1,26,4,Adobe
415,512,8.190941206,4,1,1,1,27,2,Adobe
418,518,8.465450665,4,0,1,2,24,4,Adobe
412,520,8.332284198,5,0,2,2,25,4,Adobe
416,513,8.212576499,5,1,1,1,30,2,Adobe
414,521,8.547927303,4,0,1,2,28,3,Adobe
412,507,8.162486305,5,1,2,2,28,2,Adobe
411,525,8.27493922,5,0,2,2,27,3,Adobe
428,518,8.170281087,4,0,2,1,31,4,Adobe
425,511,8.647578385,4,0,2,2,22,2,Adobe
418,523,8.573136139,4,1,2,1,28,3,Adobe
409,509,8.392624629,4,0,1,2,21,2,Adobe
412,524,8.562209007,5,1,1,2,20,4,Adobe
412,518,8.17578711,5,0,2,2,22,2,Adobe
408,515,8.423529784,4,0,2,1,23,3,Adobe
408,523,8.37538364,4,0,2,2,25,4,Adobe
428,520,8.574051586,4,0,1,1,31,4,Adobe
423,509,8.712791752,4,1,1,2,20,2,Adobe
407,508,8.294182265,5,1,2,2,21,4,Adobe
418,522,8.229215452,4,1,2,1,26,3,Adobe
409,515,8.343766464,4,0,2,1,29,4,Adobe
401,516,8.320035019,5,1,1,1,29,2,Adobe
416,516,8.290334943,5,0,2,1,22,3,Adobe
400,520,8.302798444,4,1,2,1,25,3,Adobe
411,517,8.471188243,4,0,1,1,22,2,Adobe
416,511,8.648997875,5,1,2,2,28,3,Adobe
405,515,8.518784881,4,0,1,1,20,4,Adobe
408,505,8.602228413,5,1,2,1,23,3,Adobe
405,513,8.681449756,5,0,1,1,27,2,Adobe
416,505,8.230253866,4,1,1,2,25,3,Adobe
423,507,8.460171156,4,1,2,2,23,4,Adobe
395,510,8.320772128,4,1,1,2,20,6,Delliote
417,500,8.294192549,3,0,1,2,17,5,Delliote
393,511,8.32093968,3,1,1,1,17,6,Delliote
415,505,8.311345452,4,1,1,2,16,6,Delliote
417,509,8.363521885,3,0,1,1,20,6,Delliote
391,496,8.257587469,3,0,1,1,16,4,Delliote
418,505,8.399030588,3,1,1,2,15,5,Delliote
399,491,8.006785397,4,1,1,2,15,3,Delliote
406,495,8.2851352,3,1,1,2,16,4,Delliote
412,506,8.264081351,3,1,1,1,18,4,Delliote
414,515,7.957262784,3,1,1,1,15,3,Delliote
398,506,8.385422082,3,0,1,2,18,6,Delliote
397,499,8.367529964,4,1,1,1,19,6,Delliote
404,507,8.093048018,3,0,1,2,16,5,Delliote
412,513,7.935788833,3,0,1,1,19,6,Delliote
411,512,7.954475161,4,1,1,1,16,5,Delliote
418,503,8.336374595,3,1,1,2,18,4,Delliote
394,495,8.136062992,4,0,1,1,16,6,Delliote
396,491,8.383263154,4,0,1,1,18,3,Delliote
391,513,8.246018038,3,1,1,1,19,5,Delliote
404,507,8.007557986,4,0,1,2,15,4,Delliote
408,492,8.310163942,3,0,1,1,20,3,Delliote
408,497,8.229917605,3,0,1,1,16,6,Delliote
390,506,8.358874703,4,0,1,2,20,4,Delliote
398,502,8.196719831,3,1,1,1,20,6,Delliote
413,509,7.963499715,4,0,1,2,15,3,Delliote
401,502,8.302629789,3,0,1,2,20,6,Delliote
395,498,8.088487023,3,0,1,1,19,6,Delliote
418,495,8.359216082,3,0,1,1,18,5,Delliote
398,502,7.965921367,4,0,1,1,15,4,Delliote
405,490,8.378597668,4,0,1,1,19,5,Delliote
390,494,8.165541631,4,1,1,1,19,4,Delliote
399,490,7.918329591,3,1,1,1,16,4,Delliote
403,492,8.105368328,4,0,1,2,19,6,Delliote
398,492,8.296072315,3,0,1,1,20,3,Delliote
405,495,8.219223901,3,0,1,2,17,5,Delliote
410,513,8.152620047,3,1,1,1,15,4,Delliote
412,505,8.250041244,3,0,1,1,19,6,Delliote
390,497,7.952557603,4,1,1,2,19,3,Delliote
410,503,8.316043647,4,1,1,1,19,4,Delliote
403,512,7.972802923,3,0,1,1,19,4,Delliote
394,511,8.292027645,4,0,1,2,19,5,Delliote
410,510,8.367983898,3,0,1,2,15,3,Delliote
417,490,8.129622041,3,1,1,2,19,5,Delliote
410,504,8.269819071,4,1,1,1,17,3,Delliote
399,503,7.932058841,4,0,1,2,16,4,Delliote
405,506,8.171874632,3,0,1,2,18,6,Delliote
398,515,7.905128959,3,0,1,1,15,6,Delliote
405,508,8.196876573,3,0,1,1,15,3,Delliote
413,506,8.35718449,3,1,1,2,19,5,Delliote
413,511,7.955417781,4,0,1,2,15,4,Delliote
403,494,8.200902477,4,1,1,2,19,6,Delliote
399,514,8.136301427,3,1,1,2,16,4,Delliote
418,503,8.37069076,4,1,1,1,16,3,Delliote
417,504,8.039827302,3,1,1,2,19,5,Delliote
392,503,7.951159778,4,0,1,2,17,6,Delliote
419,510,8.372572089,4,0,1,1,18,3,Delliote
402,496,8.037568536,3,1,1,1,20,5,Delliote
407,514,8.326953632,4,0,1,2,17,6,Delliote
397,510,8.254389338,4,1,1,1,18,4,Delliote
393,490,8.235115802,3,1,1,1,16,5,Delliote
418,491,8.311099501,4,0,1,1,20,4,Delliote
391,514,8.181986471,4,1,1,1,20,6,Delliote
398,490,8.294006091,4,1,1,2,15,3,Delliote
408,497,7.926345446,3,1,1,2,15,5,Delliote
415,491,8.068431649,4,0,1,1,17,5,Delliote
392,508,8.068554055,3,0,1,2,18,4,Delliote
413,502,8.117893928,3,1,1,2,19,4,Delliote
392,512,8.033794384,3,1,1,1,18,3,Delliote
409,493,8.229914454,4,1,1,2,19,3,Delliote
414,511,8.388907444,3,1,1,2,20,3,Delliote
392,491,8.068884688,3,1,1,2,16,3,Delliote
419,503,8.358546765,3,0,1,2,20,3,Delliote
392,502,7.949423864,3,1,1,2,20,3,Delliote
414,490,7.954904613,4,1,1,1,18,3,Delliote
412,492,8.029728951,4,0,1,1,15,3,Delliote
404,499,8.186485151,3,1,1,2,15,3,Delliote
406,515,8.325718167,3,0,1,2,18,4,Delliote
412,494,7.993357508,4,1,1,2,17,5,Delliote
394,509,8.12713946,4,0,1,1,18,3,Delliote
402,495,7.990928704,4,0,1,1,17,6,Delliote
415,495,8.052718409,3,0,1,2,18,5,Delliote
392,493,8.000763796,4,1,1,2,17,6,Delliote
399,503,8.109682044,3,1,1,1,19,5,Delliote
408,507,8.36471414,3,1,1,2,19,6,Delliote
410,505,8.366855997,4,1,1,2,20,5,Delliote
409,494,7.971963078,4,1,1,2,20,5,Delliote
415,507,8.148701721,3,1,1,2,20,4,Delliote
391,507,8.040488738,3,0,1,2,15,4,Delliote
419,510,8.133555153,3,0,1,2,15,5,Delliote
407,513,8.394936544,3,0,1,2,19,3,Delliote
396,496,7.913224384,4,0,1,1,18,5,Delliote
398,501,8.28613899,3,0,1,2,19,6,Delliote
401,513,7.929590463,3,0,1,2,19,4,Delliote
410,499,8.213740161,4,0,1,2,18,4,Delliote
417,506,8.042037605,4,1,1,1,16,5,Delliote
417,500,8.018483575,3,1,1,1,18,6,Delliote
417,515,8.034525702,3,1,1,1,17,4,Delliote
392,494,8.102646264,4,0,1,1,18,3,Delliote
399,507,8.30749494,3,1,1,2,20,3,Delliote
392,496,8.269899945,4,0,1,2,15,4,Delliote
418,499,8.024787767,3,1,1,2,16,5,Delliote
415,507,7.98293011,4,1,1,1,15,6,Delliote
401,506,8.008186391,3,1,1,2,17,5,Delliote
390,512,7.918251489,3,0,1,2,16,6,Delliote
390,490,8.071656805,3,1,1,2,16,6,Delliote
413,513,8.294598182,3,0,1,1,20,6,Delliote
409,490,7.916690278,3,1,1,1,16,4,Delliote
397,495,7.902531731,4,1,1,1,19,6,Delliote
408,503,7.988745412,4,1,1,1,15,4,Delliote
399,514,8.287946398,3,1,1,2,20,3,Delliote
415,491,8.314833963,4,1,1,1,15,3,Delliote
418,491,8.399602783,3,1,1,2,20,3,Delliote
399,504,7.97400553,4,0,1,1,20,6,Delliote
397,505,8.072650834,4,1,1,2,16,6,Delliote
398,503,8.147236995,3,0,1,1,20,4,Delliote
408,503,7.946276653,4,1,1,1,15,3,Delliote
404,497,8.080598715,3,1,1,1,18,3,Delliote
391,497,8.003821772,4,0,1,1,16,5,Delliote
394,501,8.209079705,3,0,1,1,20,5,Delliote
405,491,7.913219897,3,0,1,1,17,6,Delliote
396,515,8.201386115,4,1,1,2,15,4,Delliote
412,492,8.344080514,4,0,1,1,19,5,Delliote
400,510,8.2520182,4,0,1,2,17,3,Delliote
415,502,8.025784031,4,0,1,1,15,5,Delliote
408,510,8.271343885,4,0,1,1,17,3,Delliote
395,499,8.148565543,4,1,1,1,15,3,Delliote
415,498,7.983885319,4,1,1,2,15,5,Delliote
407,515,8.246519373,3,1,1,1,16,6,Delliote
407,490,7.993924049,3,0,1,1,16,3,Delliote
416,515,8.211270119,3,0,1,2,18,4,Delliote
409,491,8.174632952,3,0,1,1,15,3,Delliote
391,501,8.382228307,3,0,1,1,16,3,Delliote
398,500,8.047782941,4,1,1,2,17,6,Delliote
390,499,8.316956435,3,1,1,2,17,5,Delliote
407,502,8.049103534,3,0,1,1,18,3,Delliote
401,495,8.025455969,3,0,1,1,15,3,Delliote
397,515,7.968027026,4,0,1,2,18,6,Delliote
414,512,8.196934275,4,0,1,1,19,3,Delliote
398,491,8.308693763,4,1,1,1,19,6,Delliote
401,502,8.003407707,4,1,1,2,15,5,Delliote
395,515,8.195914595,3,0,1,2,15,5,Delliote
411,513,8.375118642,4,1,1,2,15,3,Delliote
412,511,8.167446818,4,0,1,1,18,3,Delliote
415,514,8.345442356,3,0,1,1,20,5,Delliote
417,501,8.015160058,4,1,1,1,18,6,Delliote
397,500,8.222033666,3,1,1,1,19,6,Delliote
393,501,8.349169646,3,0,1,1,20,5,Delliote
397,507,8.010816558,4,1,1,2,18,4,Delliote
417,501,8.238268085,4,1,1,2,16,6,Delliote
412,511,8.187043345,4,1,1,1,19,5,Delliote
402,507,8.34263412,3,1,1,2,17,3,Delliote
400,499,8.157220523,4,1,1,1,20,5,Delliote
402,512,8.326028407,3,0,1,1,20,3,Delliote
417,492,7.937636792,4,1,1,1,15,5,Delliote
409,505,8.253872892,3,1,1,2,18,5,Delliote
401,496,8.160187135,4,0,1,2,20,4,Delliote
412,499,8.185554406,4,0,1,2,17,4,Delliote
395,503,8.150286454,4,0,1,1,17,6,Delliote
390,512,8.139300486,4,0,1,1,16,4,Delliote
413,513,7.956008249,3,1,1,2,20,6,Delliote
415,510,8.103741564,4,1,1,1,19,3,Delliote
401,499,8.236194295,4,1,1,1,19,6,Delliote
413,503,8.142512843,3,0,1,1,20,6,Delliote
393,492,8.09876663,4,1,1,2,17,6,Delliote
414,513,7.980601956,4,1,1,2,19,6,Delliote
390,495,8.202304495,3,0,1,2,18,6,Delliote
398,507,8.229121165,4,0,1,1,19,6,Delliote
399,494,7.994750523,4,0,1,1,20,5,Delliote
418,498,8.090740567,4,0,1,2,15,6,Delliote
390,502,8.176897557,4,0,1,1,19,3,Delliote
400,503,8.391992227,4,1,1,1,17,6,Delliote
408,515,8.158202807,3,1,1,1,18,6,Delliote
407,501,8.320704831,4,1,1,2,18,5,Delliote
407,493,8.196868637,3,0,1,1,16,5,Delliote
399,501,8.288715721,3,1,1,2,15,3,Delliote
392,513,8.14518449,3,0,1,1,17,4,Delliote
395,499,8.123474424,3,1,1,2,16,6,Delliote
413,500,8.042962849,3,1,1,1,20,4,Delliote
409,510,7.983920299,4,1,1,2,16,5,Delliote
398,508,8.284871819,3,0,1,2,16,3,Delliote
404,507,8.258842757,4,1,1,2,20,6,Delliote
392,490,8.097920845,3,1,1,2,20,5,Delliote
414,492,8.049991735,3,1,1,2,19,4,Delliote
412,512,8.253637568,3,1,1,1,16,5,Delliote
395,513,8.079549108,4,1,1,2,16,3,Delliote
418,510,8.053188676,3,1,1,2,17,4,Delliote
411,500,8.126321225,4,1,1,1,20,5,Delliote
417,499,8.259718017,4,1,1,1,15,4,Delliote
414,490,8.356946835,3,1,1,1,16,3,Delliote
390,508,7.986273719,4,1,1,1,15,4,Delliote
400,509,8.364554343,3,0,1,1,17,3,Delliote
419,509,8.137292621,3,0,1,1,15,6,Delliote
412,515,8.219816581,4,0,1,2,18,5,Delliote
414,511,8.389467063,3,1,1,2,20,4,Delliote
395,510,8.188112599,4,1,1,1,17,4,Delliote
397,508,8.034718547,4,1,1,2,20,3,Delliote
392,507,7.961263922,4,0,1,2,16,3,Delliote
416,498,8.02456943,4,0,1,1,18,3,Delliote
392,507,8.158517013,4,1,1,1,20,6,Delliote
406,582,7.918842037,2,0,0,2,22,2,TCS
361,457,7.345833496,1,0,1,1,24,1,TCS
369,505,8.067007289,2,0,1,2,22,8,TCS
409,508,7.571015319,1,1,0,1,20,1,TCS
404,546,7.547836012,1,0,1,2,20,4,TCS
389,597,7.983157507,2,1,1,1,24,1,TCS
381,460,7.951918382,2,0,0,1,23,4,TCS
406,496,7.840949228,2,1,0,1,21,6,TCS
388,574,8.012486186,2,0,1,2,22,4,TCS
375,564,7.297687205,1,1,1,1,22,4,TCS
398,473,7.115051078,1,1,0,1,25,1,TCS
385,513,7.877966895,2,0,1,1,25,4,TCS
361,588,7.040161167,2,0,0,1,22,7,TCS
380,571,7.202016957,2,1,0,1,21,2,TCS
389,560,7.621769603,2,1,1,2,25,5,TCS
378,582,7.106695741,2,0,1,1,24,0,TCS
408,487,7.847741263,2,0,0,1,21,8,TCS
396,551,7.425234531,2,0,1,2,24,2,TCS
373,553,7.100911405,2,0,1,2,20,2,TCS
366,571,7.583736299,1,1,0,1,21,6,TCS
400,574,7.223297959,1,1,1,2,23,7,TCS
372,550,7.568922104,2,0,0,2,22,3,TCS
369,475,7.607366078,2,0,1,2,24,0,TCS
380,466,8.08299661,1,1,1,2,24,2,TCS
379,558,7.106702063,2,0,1,2,23,2,TCS
365,573,7.496988216,1,1,0,1,20,6,TCS
389,567,7.883320158,1,1,1,1,22,3,TCS
405,582,7.619443242,2,0,1,2,22,7,TCS
363,513,7.26375439,2,1,0,2,23,8,TCS
374,583,7.550375751,2,0,1,1,21,5,TCS
389,504,7.051505057,1,0,0,1,23,5,TCS
380,512,7.384631115,2,0,0,1,25,6,TCS
396,587,8.088772905,2,0,0,1,23,3,TCS
379,550,7.462347148,1,0,1,1,20,2,TCS
398,527,7.123532517,2,1,1,2,21,3,TCS
373,569,7.701539509,2,1,0,2,22,7,TCS
389,573,7.42747897,1,0,0,1,22,1,TCS
409,479,7.16899886,1,0,1,2,24,4,TCS
379,451,7.583887506,1,1,1,2,25,7,TCS
396,574,7.014357299,1,0,0,2,23,8,TCS
403,490,7.917507475,2,1,1,2,21,1,TCS
388,537,8.083442894,2,0,0,1,20,4,TCS
391,516,7.054376118,2,1,1,1,24,6,TCS
360,511,7.842053859,2,1,0,2,24,5,TCS
368,469,7.329311731,2,0,1,1,25,8,TCS
389,464,7.738398904,2,0,0,2,20,3,TCS
387,575,7.609931086,2,1,0,1,20,7,TCS
399,464,7.894666926,2,1,1,1,22,7,TCS
363,533,7.776749952,1,1,0,2,20,8,TCS
397,536,7.818161328,1,1,0,1,20,4,TCS
393,464,8.013093122,1,0,0,2,25,4,TCS
363,531,7.52107341,2,1,1,1,23,7,TCS
399,574,7.934247646,1,1,1,2,24,0,TCS
409,524,7.300845844,2,1,1,1,23,0,TCS
378,457,7.336916915,1,1,0,2,24,3,TCS
398,522,7.636704485,2,0,1,1,20,0,TCS
403,548,7.190447936,2,0,0,2,25,5,TCS
394,593,7.814063275,1,1,1,2,25,5,TCS
398,539,7.834155123,1,0,0,1,25,5,TCS
401,574,7.067296336,1,0,0,1,25,7,TCS
396,471,7.413738309,2,1,0,1,20,1,TCS
395,598,7.0177762,2,1,1,2,25,8,TCS
366,553,7.326189965,1,1,0,2,21,1,TCS
397,501,7.546338733,1,1,0,2,24,2,TCS
396,556,7.800630359,1,1,0,2,24,0,TCS
396,478,7.57031999,2,0,0,1,20,6,TCS
406,492,7.713605397,1,0,0,2,22,7,TCS
379,536,8.03438872,1,1,1,2,24,5,TCS
369,477,7.719994101,1,0,0,2,25,4,TCS
370,457,7.648567738,2,1,0,1,20,3,TCS
381,459,7.853406174,2,0,0,2,24,1,TCS
388,530,7.482097039,1,1,0,2,24,2,TCS
373,597,7.37521602,1,1,1,2,22,3,TCS
381,555,7.892307036,2,0,0,2,22,8,TCS
390,579,7.466157885,2,1,1,1,21,5,TCS
408,458,7.533501355,2,0,0,2,25,7,TCS
384,539,7.396023554,2,1,1,1,21,5,TCS
362,482,7.006635918,2,1,1,2,25,5,TCS
371,462,7.02510313,2,0,0,1,22,7,TCS
376,496,7.709195265,1,1,1,2,21,6,TCS
377,452,7.289793205,2,1,1,2,25,5,TCS
381,554,7.005600534,2,0,0,2,22,6,TCS
403,496,7.846922918,2,0,1,1,23,0,TCS
403,525,7.26565938,1,1,0,2,23,3,TCS
362,505,7.532851857,1,1,1,2,20,6,TCS
365,471,7.439241537,2,0,0,1,25,2,TCS
377,587,7.129776531,1,1,1,2,24,3,TCS
371,528,8.099552151,2,1,0,2,25,6,TCS
407,542,7.864689565,1,1,1,2,21,3,TCS
364,551,7.804311372,2,1,1,2,23,8,TCS
409,537,7.373433659,2,0,0,2,22,3,TCS
399,500,7.848984015,1,1,1,1,20,1,TCS
366,461,7.063553682,1,1,0,2,22,4,TCS
369,599,7.05357436,1,1,1,2,22,2,TCS
379,458,7.588854175,2,1,0,1,24,6,TCS
408,509,7.384175454,2,0,0,2,22,4,TCS
362,479,7.54377908,1,0,0,2,21,4,TCS
385,569,7.454701399,2,0,1,2,24,6,TCS
396,599,7.526273888,2,1,1,1,25,0,TCS
392,596,7.029463085,2,1,0,1,25,3,TCS
382,568,7.944110003,2,0,0,1,20,0,TCS
407,593,7.157350504,2,1,1,2,22,1,TCS
364,571,7.569330323,2,0,0,2,24,0,TCS
362,504,8.088269693,2,1,0,2,22,0,TCS
361,571,8.03394931,1,0,0,1,22,5,TCS
395,536,7.152096923,2,1,0,1,25,8,TCS
379,554,7.207639987,1,0,0,2,23,3,TCS
370,489,7.700828347,1,1,0,2,24,4,TCS
363,530,8.045335836,1,1,0,2,22,0,TCS
388,593,8.07933717,2,1,1,1,22,2,TCS
407,501,7.809104495,1,0,0,1,25,7,TCS
389,520,7.495531023,2,1,0,1,24,8,TCS
404,513,8.000328755,1,1,1,1,22,7,TCS
403,500,7.804815897,1,1,0,2,25,7,TCS
380,551,7.397031962,1,1,1,2,20,0,TCS
409,593,8.019700864,1,1,1,1,22,3,TCS
379,464,7.004109769,1,0,0,2,23,5,TCS
397,521,7.365436837,1,1,0,1,20,4,TCS
384,510,7.854988391,1,1,1,1,25,1,TCS
382,533,7.767658401,2,0,1,1,25,2,TCS
394,573,8.027649186,2,1,1,2,24,1,TCS
376,525,7.533050691,1,1,1,1,21,7,TCS
370,571,7.462978791,1,1,1,1,25,8,TCS
396,598,7.389748958,2,0,1,1,21,6,TCS
406,474,7.191193857,1,1,0,1,25,4,TCS
365,531,7.829192524,2,1,1,2,21,5,TCS
392,521,7.801009167,1,0,0,1,24,0,TCS
366,591,7.520940377,1,1,1,1,23,3,TCS
365,513,7.651805467,2,0,1,2,22,6,TCS
388,533,7.355052534,1,0,1,1,21,1,TCS
390,597,7.206922908,1,0,1,2,22,2,TCS
378,451,7.750850971,2,0,1,1,22,5,TCS
373,495,7.633556037,2,1,1,1,20,2,TCS
383,582,7.16841173,1,1,1,2,23,3,TCS
384,555,7.506513417,1,1,0,2,24,5,TCS
409,462,7.388175915,2,0,0,1,20,4,TCS
387,545,7.071342027,1,1,1,1,22,8,TCS
369,474,7.153214699,1,1,0,2,23,8,TCS
402,522,7.385754887,1,1,0,2,21,8,TCS
392,550,7.548076488,2,1,1,1,22,5,TCS
396,517,7.432748777,2,0,1,1,22,1,TCS
404,476,7.135529884,1,1,1,2,22,3,TCS
389,487,7.28304836,2,1,1,2,25,5,TCS
399,505,7.633855264,1,0,1,1,22,1,TCS
373,552,7.934956673,2,1,0,2,20,0,TCS
395,561,7.18164766,1,0,0,2,23,2,TCS
388,582,7.03367307,1,0,1,2,23,7,TCS
407,476,7.489015359,2,1,0,2,23,8,TCS
373,477,7.692424028,1,0,1,1,21,5,TCS
389,582,8.043773219,1,0,0,2,20,2,TCS
388,576,7.84202632,2,0,1,1,20,0,TCS
374,506,7.702128597,1,0,0,2,24,6,TCS
360,591,7.681724084,2,1,0,1,25,2,TCS
384,510,7.359983037,2,1,1,2,24,8,TCS
374,588,7.240184523,1,0,1,1,20,6,TCS
407,455,7.628203396,1,0,0,1,23,6,TCS
382,502,7.543619753,1,0,1,1,23,2,TCS
388,560,7.023751994,2,0,0,2,20,1,TCS
388,452,7.003552192,1,0,1,1,24,5,TCS
360,586,7.004124337,1,0,1,2,25,6,TCS
381,476,7.375918668,2,0,0,2,20,4,TCS
365,465,7.860757008,2,0,1,2,25,0,TCS
365,516,7.457737812,1,0,0,2,22,3,TCS
401,553,7.429747966,1,1,0,2,20,1,TCS
388,542,7.588696928,2,1,0,1,22,1,TCS
405,532,7.769729915,1,0,1,2,25,1,TCS
379,465,7.746290244,1,1,1,1,22,2,TCS
403,542,7.869930668,2,0,0,2,24,8,TCS
365,575,7.506607197,1,1,0,1,22,2,TCS
384,481,7.341711252,1,0,1,2,21,1,TCS
376,516,7.302189273,1,1,1,1,25,0,TCS
390,464,7.5809052,2,0,1,2,23,2,TCS
368,511,7.15059427,2,0,1,2,21,8,TCS
400,497,7.923795583,1,0,1,1,21,0,TCS
395,475,7.809113047,1,1,0,1,25,7,TCS
370,551,7.296105582,1,1,0,1,23,4,TCS
385,530,7.385800436,2,1,0,1,22,0,TCS
398,568,7.376833489,1,0,0,2,24,6,TCS
360,463,7.088411043,1,0,1,2,21,5,TCS
386,516,8.011316535,2,0,0,2,24,4,TCS
397,485,7.973130088,1,1,1,1,22,8,TCS
379,497,7.959761811,2,1,0,1,25,2,TCS
395,452,7.393903636,2,1,0,2,22,4,TCS
367,465,7.827109881,2,1,1,1,22,2,TCS
396,564,7.430355855,1,1,1,2,20,7,TCS
403,466,7.170388008,1,0,0,2,23,4,TCS
373,535,7.092831308,1,0,0,1,22,2,TCS
385,497,8.03286898,2,1,0,1,21,3,TCS
372,577,7.937888939,1,1,1,1,20,8,TCS
367,567,7.193574916,1,1,1,1,23,6,TCS
388,573,7.492993675,1,0,0,2,20,5,TCS
371,462,7.867849707,1,1,0,1,25,1,TCS
391,533,8.009985156,1,0,0,1,24,6,TCS
369,483,7.336090193,2,0,1,1,20,0,TCS
365,562,7.093761665,2,1,0,1,20,2,TCS
364,470,7.043392709,1,1,1,1,21,5,TCS
387,546,7.833971288,1,1,0,2,23,4,TCS
398,487,7.866006528,2,1,1,2,25,8,TCS
398,452,7.230933122,2,1,0,2,21,2,TCS
368,454,7.379691947,1,1,0,1,22,4,TCS
